complexity,n_patients,d_eff,auc_mean,auc_std
1,1000,40.972165180447824,0.9050726817042607,0.023785322616585447
2,1000,32.90323547047148,0.6080840844084409,0.028158935055782614
3,1000,24.939671759614093,0.8535853585358536,0.036597798654827415
