,hospital_expire_flag,hospital_expire_flag,hospital_expire_flag,los_days,los_days,los_days,n_diagnoses,n_diagnoses
,count,mean,std,median,<lambda_0>,<lambda_1>,median,mean
complexity,,,,,,,,
Simple,159211,0.0031656104163657033,0.056174808832372254,2.6958333333333333,1.7555555555555555,4.195833333333334,6.0,5.978085685034325
Moderate,128979,0.011397204196031912,0.10614798769131996,3.7625,2.1875,5.98125,12.0,12.326401972414114
Complex,137026,0.05846335731904894,0.23461840270515466,6.3125,3.7041666666666666,11.2625,21.0,22.156415570767592
